{"cameraMode":{"drawMode":0,"name":"Shaded","section":"Shading Mode"},"sceneLighting":true,"audioPlay":false,"sceneViewState":{"showFog":true,"showMaterialUpdate":false,"showSkybox":true,"showFlares":true,"showImageEffects":true,"showParticleSystems":true},"in2DMode":false,"pivot":{"x":7.432942867279053,"y":0.5155174732208252,"z":-14.749643325805664},"rotation":{"x":-0.18374478816986085,"y":-0.012684153392910958,"z":0.0023711782414466144,"w":-0.9828893542289734},"size":10.0,"orthographic":false}