{"cameraMode":{"drawMode":0,"name":"Shaded","section":"Shading Mode"},"sceneLighting":false,"audioPlay":false,"sceneViewState":{"showFog":true,"showMaterialUpdate":false,"showSkybox":true,"showFlares":true,"showImageEffects":true,"showParticleSystems":true},"in2DMode":false,"pivot":{"x":-0.4965858459472656,"y":0.023810721933841707,"z":1.1641650199890137},"rotation":{"x":-0.3421064019203186,"y":-0.19665704667568208,"z":0.07346130162477493,"w":-0.9159108400344849},"size":0.9137998223304749,"orthographic":false}