{"cameraMode":{"drawMode":0,"name":"Shaded","section":"Shading Mode"},"sceneLighting":false,"audioPlay":false,"sceneViewState":{"showFog":true,"showMaterialUpdate":false,"showSkybox":true,"showFlares":true,"showImageEffects":true,"showParticleSystems":true},"in2DMode":false,"pivot":{"x":-0.14513349533081056,"y":2.048353910446167,"z":-0.008342951536178589},"rotation":{"x":0.014325386844575405,"y":-0.9855278730392456,"z":0.11035117506980896,"w":0.1278761476278305},"size":10.935887336730957,"orthographic":false}