{"cameraMode":{"drawMode":0,"name":"Shaded","section":"Shading Mode"},"sceneLighting":false,"audioPlay":false,"sceneViewState":{"showFog":true,"showMaterialUpdate":false,"showSkybox":true,"showFlares":true,"showImageEffects":true,"showParticleSystems":true},"in2DMode":false,"pivot":{"x":7.676821708679199,"y":0.8195137977600098,"z":5.174286842346191},"rotation":{"x":-0.2233404815196991,"y":0.2530028820037842,"z":-0.0601530522108078,"w":-0.9394095540046692},"size":10.717595100402832,"orthographic":false}