{"cameraMode":{"drawMode":0,"name":"Shaded","section":"Shading Mode"},"sceneLighting":true,"audioPlay":false,"sceneViewState":{"showFog":true,"showMaterialUpdate":false,"showSkybox":true,"showFlares":true,"showImageEffects":true,"showParticleSystems":true},"in2DMode":false,"pivot":{"x":-2.653352737426758,"y":0.8492438793182373,"z":12.523588180541993},"rotation":{"x":0.04440377652645111,"y":-0.02658078819513321,"z":0.0011856608325615526,"w":0.9986593127250671},"size":31.326141357421876,"orthographic":false}