{"cameraMode":{"drawMode":0,"name":"Shaded","section":"Shading Mode"},"sceneLighting":true,"audioPlay":false,"sceneViewState":{"showFog":true,"showMaterialUpdate":false,"showSkybox":true,"showFlares":true,"showImageEffects":true,"showParticleSystems":true},"in2DMode":false,"pivot":{"x":16.751195907592775,"y":0.6417796611785889,"z":-32.119876861572269},"rotation":{"x":0.05340432748198509,"y":-0.007168311160057783,"z":0.00038487493293359876,"w":0.9985471963882446},"size":40.01510238647461,"orthographic":false}