{"cameraMode":{"drawMode":0,"name":"Shaded","section":"Shading Mode"},"sceneLighting":true,"audioPlay":false,"sceneViewState":{"showFog":true,"showMaterialUpdate":false,"showSkybox":true,"showFlares":true,"showImageEffects":true,"showParticleSystems":true},"in2DMode":false,"pivot":{"x":0.5538105964660645,"y":-7.141503810882568,"z":25.871063232421876},"rotation":{"x":0.21818800270557404,"y":-0.015201365575194359,"z":0.0034007399808615448,"w":0.9757824540138245},"size":25.004079818725587,"orthographic":false}