{"cameraMode":{"drawMode":0,"name":"Shaded","section":"Shading Mode"},"sceneLighting":false,"audioPlay":false,"sceneViewState":{"showFog":true,"showMaterialUpdate":false,"showSkybox":true,"showFlares":true,"showImageEffects":true,"showParticleSystems":true},"in2DMode":false,"pivot":{"x":0.0,"y":0.7759280204772949,"z":0.0020705461502075197},"rotation":{"x":-0.006564251147210598,"y":-0.9833629727363586,"z":0.17786136269569398,"w":-0.036325566470623019},"size":3.782423734664917,"orthographic":false}