{"cameraMode":{"drawMode":0,"name":"Shaded","section":"Shading Mode"},"sceneLighting":false,"audioPlay":false,"sceneViewState":{"showFog":true,"showMaterialUpdate":false,"showSkybox":true,"showFlares":true,"showImageEffects":true,"showParticleSystems":true},"in2DMode":false,"pivot":{"x":-15.100546836853028,"y":2.0609254837036135,"z":-31.41166877746582},"rotation":{"x":0.0032463117968291046,"y":0.9887410998344421,"z":0.02172117866575718,"w":-0.148016095161438},"size":9.730944633483887,"orthographic":false}