{"cameraMode":{"drawMode":0,"name":"Shaded","section":"Shading Mode"},"sceneLighting":false,"audioPlay":false,"sceneViewState":{"showFog":true,"showMaterialUpdate":false,"showSkybox":true,"showFlares":true,"showImageEffects":true,"showParticleSystems":true},"in2DMode":false,"pivot":{"x":-0.8714125752449036,"y":1.8747828006744385,"z":-2.686427116394043},"rotation":{"x":0.08548630028963089,"y":-0.7513508796691895,"z":0.09931642562150955,"w":0.6467613577842712},"size":10.551300048828125,"orthographic":false}