{"cameraMode":{"drawMode":0,"name":"Shaded","section":"Shading Mode"},"sceneLighting":false,"audioPlay":false,"sceneViewState":{"showFog":true,"showMaterialUpdate":false,"showSkybox":true,"showFlares":true,"showImageEffects":true,"showParticleSystems":true},"in2DMode":false,"pivot":{"x":-24.156166076660158,"y":4.39935302734375,"z":-28.639999389648439},"rotation":{"x":0.027423225343227388,"y":0.9047483205795288,"z":-0.4209541380405426,"w":0.058958034962415698},"size":194.4405517578125,"orthographic":false}