{"cameraMode":{"drawMode":0,"name":"Shaded","section":"Shading Mode"},"sceneLighting":false,"audioPlay":false,"sceneViewState":{"showFog":true,"showMaterialUpdate":false,"showSkybox":true,"showFlares":true,"showImageEffects":true,"showParticleSystems":true},"in2DMode":false,"pivot":{"x":-0.05994534492492676,"y":0.7759281396865845,"z":0.0020706653594970705},"rotation":{"x":0.1098421961069107,"y":0.7946568727493286,"z":-0.15113194286823274,"w":0.5775935053825378},"size":6.3073225021362309,"orthographic":false}