{"cameraMode":{"drawMode":0,"name":"Shaded","section":"Shading Mode"},"sceneLighting":false,"audioPlay":false,"sceneViewState":{"showFog":true,"showMaterialUpdate":false,"showSkybox":true,"showFlares":true,"showImageEffects":true,"showParticleSystems":true},"in2DMode":false,"pivot":{"x":-0.021295547485351564,"y":-0.035356760025024417,"z":0.10523724555969238},"rotation":{"x":-0.051076315343379977,"y":0.9425947666168213,"z":-0.28268128633499148,"w":-0.17028698325157166},"size":8.991362571716309,"orthographic":false}