{"cameraMode":{"drawMode":0,"name":"Shaded","section":"Shading Mode"},"sceneLighting":true,"audioPlay":false,"sceneViewState":{"showFog":true,"showMaterialUpdate":false,"showSkybox":true,"showFlares":true,"showImageEffects":true,"showParticleSystems":true},"in2DMode":false,"pivot":{"x":61.78473663330078,"y":-32.15070343017578,"z":31.04615020751953},"rotation":{"x":-0.19115778803825379,"y":-0.5327264666557312,"z":0.12496726214885712,"w":-0.8148892521858215},"size":81.03868865966797,"orthographic":false}