{"cameraMode":{"drawMode":0,"name":"Shaded","section":"Shading Mode"},"sceneLighting":false,"audioPlay":false,"sceneViewState":{"showFog":true,"showMaterialUpdate":true,"showSkybox":true,"showFlares":true,"showImageEffects":true,"showParticleSystems":true},"in2DMode":false,"pivot":{"x":-3.1728053092956545,"y":-10.577736854553223,"z":-10.170260429382325},"rotation":{"x":-0.3074258863925934,"y":-0.6436524987220764,"z":0.3164212107658386,"w":-0.625362753868103},"size":29.198463439941408,"orthographic":false}