{"cameraMode":{"drawMode":0,"name":"Shaded","section":"Shading Mode"},"sceneLighting":false,"audioPlay":false,"sceneViewState":{"showFog":true,"showMaterialUpdate":true,"showSkybox":true,"showFlares":true,"showImageEffects":true,"showParticleSystems":true},"in2DMode":false,"pivot":{"x":3.16943359375,"y":-0.5504512786865234,"z":-18.25605010986328},"rotation":{"x":-0.11959507316350937,"y":-0.044948190450668338,"z":0.0054195597767829899,"w":-0.9917899370193481},"size":11.209871292114258,"orthographic":false}