{"cameraMode":{"drawMode":0,"name":"Shaded","section":"Shading Mode"},"sceneLighting":true,"audioPlay":false,"sceneViewState":{"showFog":true,"showMaterialUpdate":true,"showSkybox":true,"showFlares":true,"showImageEffects":true,"showParticleSystems":true},"in2DMode":false,"pivot":{"x":5.722299575805664,"y":-1.0219511985778809,"z":-14.55183219909668},"rotation":{"x":0.1777218133211136,"y":-0.3754153847694397,"z":0.07359229773283005,"w":0.9066765904426575},"size":6.266315937042236,"orthographic":false}