{"cameraMode":{"drawMode":0,"name":"Shaded","section":"Shading Mode"},"sceneLighting":true,"audioPlay":false,"sceneViewState":{"showFog":true,"showMaterialUpdate":true,"showSkybox":true,"showFlares":true,"showImageEffects":true,"showParticleSystems":true},"in2DMode":false,"pivot":{"x":2.546999931335449,"y":0.17739105224609376,"z":-30.75},"rotation":{"x":-0.0818442702293396,"y":-0.22821912169456483,"z":0.01925468072295189,"w":-0.9699726104736328},"size":40.010372161865237,"orthographic":false}