{"cameraMode":{"drawMode":0,"name":"Shaded","section":"Shading Mode"},"sceneLighting":false,"audioPlay":false,"sceneViewState":{"showFog":true,"showMaterialUpdate":true,"showSkybox":true,"showFlares":true,"showImageEffects":true,"showParticleSystems":true},"in2DMode":false,"pivot":{"x":-0.03289985656738281,"y":0.11810000240802765,"z":-0.1016998291015625},"rotation":{"x":0.7365309596061707,"y":0.009962529875338078,"z":-0.010856895707547665,"w":0.6762433648109436},"size":1795.3082275390625,"orthographic":false}