{"cameraMode":{"drawMode":0,"name":"Shaded","section":"Shading Mode"},"sceneLighting":false,"audioPlay":false,"sceneViewState":{"showFog":true,"showMaterialUpdate":true,"showSkybox":true,"showFlares":true,"showImageEffects":true,"showParticleSystems":true},"in2DMode":false,"pivot":{"x":-1.1010878086090088,"y":1.1811339855194092,"z":-3.658569574356079},"rotation":{"x":0.010800481773912907,"y":-0.9881855845451355,"z":0.12824244797229768,"w":0.0832253247499466},"size":9.349637985229493,"orthographic":false}