{"cameraMode":{"drawMode":0,"name":"Shaded","section":"Shading Mode"},"sceneLighting":true,"audioPlay":false,"sceneViewState":{"showFog":true,"showMaterialUpdate":true,"showSkybox":true,"showFlares":true,"showImageEffects":true,"showParticleSystems":true},"in2DMode":false,"pivot":{"x":-16.854084014892579,"y":-58.531681060791019,"z":81.20071411132813},"rotation":{"x":0.2530060112476349,"y":0.03103593923151493,"z":-0.008122620172798634,"w":0.9669327139854431},"size":152.1371307373047,"orthographic":false}