{"cameraMode":{"drawMode":0,"name":"Shaded","section":"Shading Mode"},"sceneLighting":false,"audioPlay":false,"sceneViewState":{"showFog":true,"showMaterialUpdate":true,"showSkybox":true,"showFlares":true,"showImageEffects":true,"showParticleSystems":true},"in2DMode":false,"pivot":{"x":-20.36272430419922,"y":1.2933955192565919,"z":-20.829912185668947},"rotation":{"x":0.28399449586868288,"y":-0.12269597500562668,"z":0.03666863963007927,"w":0.950235903263092},"size":19.92763900756836,"orthographic":false}