{"cameraMode":{"drawMode":0,"name":"Shaded","section":"Shading Mode"},"sceneLighting":false,"audioPlay":false,"sceneViewState":{"showFog":true,"showMaterialUpdate":true,"showSkybox":true,"showFlares":true,"showImageEffects":true,"showParticleSystems":true},"in2DMode":false,"pivot":{"x":11.799764633178711,"y":0.09401364624500275,"z":-30.293718338012697},"rotation":{"x":0.4768252372741699,"y":-0.03291696310043335,"z":0.017870357260107995,"w":0.8781998157501221},"size":14.761880874633789,"orthographic":false}