{"cameraMode":{"drawMode":0,"name":"Shaded","section":"Shading Mode"},"sceneLighting":true,"audioPlay":false,"sceneViewState":{"showFog":true,"showMaterialUpdate":true,"showSkybox":true,"showFlares":true,"showImageEffects":true,"showParticleSystems":true},"in2DMode":false,"pivot":{"x":-0.32000017166137698,"y":1.6700000762939454,"z":0.49321460723876955},"rotation":{"x":-0.181056410074234,"y":0.679878294467926,"z":-0.17899078130722047,"w":-0.6877110004425049},"size":34.12240982055664,"orthographic":false}