{"cameraMode":{"drawMode":0,"name":"Shaded","section":"Shading Mode"},"sceneLighting":false,"audioPlay":false,"sceneViewState":{"showFog":true,"showMaterialUpdate":true,"showSkybox":true,"showFlares":true,"showImageEffects":true,"showParticleSystems":true},"in2DMode":false,"pivot":{"x":1.0265979766845704,"y":2.3615598678588869,"z":-31.606002807617189},"rotation":{"x":0.15833325684070588,"y":0.0012007467448711396,"z":-0.0002121267025358975,"w":0.9873849749565125},"size":12.576128005981446,"orthographic":false}