{"cameraMode":{"drawMode":0,"name":"Shaded","section":"Shading Mode"},"sceneLighting":true,"audioPlay":false,"sceneViewState":{"showFog":true,"showMaterialUpdate":true,"showSkybox":true,"showFlares":true,"showImageEffects":true,"showParticleSystems":true},"in2DMode":false,"pivot":{"x":0.6764512062072754,"y":0.3760969042778015,"z":-30.80538558959961},"rotation":{"x":-0.34311845898628237,"y":0.06164587289094925,"z":-0.022573258727788926,"w":-0.9369952082633972},"size":5.5857391357421879,"orthographic":false}