{"cameraMode":{"drawMode":0,"name":"Shaded","section":"Shading Mode"},"sceneLighting":false,"audioPlay":false,"sceneViewState":{"showFog":true,"showMaterialUpdate":true,"showSkybox":true,"showFlares":true,"showImageEffects":true,"showParticleSystems":true},"in2DMode":false,"pivot":{"x":-0.7662983536720276,"y":0.7941747307777405,"z":0.07851868867874146},"rotation":{"x":0.13061882555484773,"y":-0.62061607837677,"z":0.1058436781167984,"w":0.7658795714378357},"size":4.985945701599121,"orthographic":false}