{"cameraMode":{"drawMode":0,"name":"Shaded","section":"Shading Mode"},"sceneLighting":true,"audioPlay":false,"sceneViewState":{"showFog":true,"showMaterialUpdate":true,"showSkybox":true,"showFlares":true,"showImageEffects":true,"showParticleSystems":true},"in2DMode":false,"pivot":{"x":-0.059999942779541019,"y":1.6700000762939454,"z":0.49321460723876955},"rotation":{"x":-0.1280447542667389,"y":0.005637586582452059,"z":-0.00072949641617015,"w":-0.9917521476745606},"size":34.12240982055664,"orthographic":false}