{"cameraMode":{"drawMode":0,"name":"Shaded","section":"Shading Mode"},"sceneLighting":false,"audioPlay":false,"sceneViewState":{"showFog":true,"showMaterialUpdate":true,"showSkybox":true,"showFlares":true,"showImageEffects":true,"showParticleSystems":true},"in2DMode":false,"pivot":{"x":-43.30561828613281,"y":28.63715362548828,"z":-31.9222412109375},"rotation":{"x":0.17546486854553224,"y":0.6601767539978027,"z":-0.1627020686864853,"w":0.7119739651679993},"size":12.94926929473877,"orthographic":false}