{"cameraMode":{"drawMode":0,"name":"Shaded","section":"Shading Mode"},"sceneLighting":true,"audioPlay":false,"sceneViewState":{"showFog":true,"showMaterialUpdate":true,"showSkybox":true,"showFlares":true,"showImageEffects":true,"showParticleSystems":true},"in2DMode":false,"pivot":{"x":-4.217263221740723,"y":2.806952714920044,"z":-32.409942626953128},"rotation":{"x":0.16812416911125184,"y":-0.35806864500045779,"z":0.06571374833583832,"w":0.9160801768302918},"size":30.96920394897461,"orthographic":false}