{"cameraMode":{"drawMode":0,"name":"Shaded","section":"Shading Mode"},"sceneLighting":false,"audioPlay":false,"sceneViewState":{"showFog":true,"showMaterialUpdate":true,"showSkybox":true,"showFlares":true,"showImageEffects":true,"showParticleSystems":true},"in2DMode":false,"pivot":{"x":1.4099998474121094,"y":3.255000114440918,"z":-28.639999389648439},"rotation":{"x":0.20480911433696748,"y":-0.685903012752533,"z":0.21105054020881654,"w":0.6656185388565064},"size":120.96509552001953,"orthographic":false}