{"cameraMode":{"drawMode":0,"name":"Shaded","section":"Shading Mode"},"sceneLighting":false,"audioPlay":false,"sceneViewState":{"showFog":true,"showMaterialUpdate":true,"showSkybox":true,"showFlares":true,"showImageEffects":true,"showParticleSystems":true},"in2DMode":false,"pivot":{"x":11.746729850769043,"y":-177.18551635742188,"z":-128.67779541015626},"rotation":{"x":-0.028206465765833856,"y":-0.8807900547981262,"z":0.4696967303752899,"w":-0.05289968103170395},"size":235.3061981201172,"orthographic":false}