{"cameraMode":{"drawMode":0,"name":"Shaded","section":"Shading Mode"},"sceneLighting":false,"audioPlay":false,"sceneViewState":{"showFog":true,"showMaterialUpdate":true,"showSkybox":true,"showFlares":true,"showImageEffects":true,"showParticleSystems":true},"in2DMode":false,"pivot":{"x":3.2207252979278566,"y":-0.9084815979003906,"z":-2.5362207889556886},"rotation":{"x":0.0701238214969635,"y":0.9112133979797363,"z":-0.1743006408214569,"w":0.36659523844718935},"size":8.276138305664063,"orthographic":false}