{"cameraMode":{"drawMode":0,"name":"Shaded","section":"Shading Mode"},"sceneLighting":false,"audioPlay":false,"sceneViewState":{"showFog":true,"showMaterialUpdate":true,"showSkybox":true,"showFlares":true,"showImageEffects":true,"showParticleSystems":true},"in2DMode":false,"pivot":{"x":1.5021038055419922,"y":3.8835394382476808,"z":-10.218621253967286},"rotation":{"x":-0.0042932359501719479,"y":-0.9881424903869629,"z":-0.028116581961512567,"w":0.15088222920894624},"size":23.896831512451173,"orthographic":false}