{"cameraMode":{"drawMode":0,"name":"Shaded","section":"Shading Mode"},"sceneLighting":true,"audioPlay":false,"sceneViewState":{"showFog":true,"showMaterialUpdate":true,"showSkybox":true,"showFlares":true,"showImageEffects":true,"showParticleSystems":true},"in2DMode":false,"pivot":{"x":0.7009997367858887,"y":1.2790002822875977,"z":-30.733001708984376},"rotation":{"x":-0.34311845898628237,"y":0.06164587289094925,"z":-0.022573258727788926,"w":-0.9369952082633972},"size":40.0103759765625,"orthographic":false}