{"cameraMode":{"drawMode":0,"name":"Shaded","section":"Shading Mode"},"sceneLighting":false,"audioPlay":false,"sceneViewState":{"showFog":true,"showMaterialUpdate":true,"showSkybox":true,"showFlares":true,"showImageEffects":true,"showParticleSystems":true},"in2DMode":false,"pivot":{"x":-0.041031718254089358,"y":-0.04789566993713379,"z":0.08643507957458496},"rotation":{"x":0.07296063005924225,"y":0.8996478319168091,"z":-0.16510511934757234,"w":0.3975561261177063},"size":9.127184867858887,"orthographic":false}