{"cameraMode":{"drawMode":0,"name":"Shaded","section":"Shading Mode"},"sceneLighting":false,"audioPlay":false,"sceneViewState":{"showFog":true,"showMaterialUpdate":true,"showSkybox":true,"showFlares":true,"showImageEffects":true,"showParticleSystems":true},"in2DMode":false,"pivot":{"x":-1.8689637184143067,"y":-2.298652410507202,"z":-0.07076215744018555},"rotation":{"x":0.005498656537383795,"y":0.993121325969696,"z":0.0521758534014225,"w":-0.10467828065156937},"size":5.153253078460693,"orthographic":false}