{"cameraMode":{"drawMode":0,"name":"Shaded","section":"Shading Mode"},"sceneLighting":false,"audioPlay":false,"sceneViewState":{"showFog":true,"showMaterialUpdate":true,"showSkybox":true,"showFlares":true,"showImageEffects":true,"showParticleSystems":true},"in2DMode":false,"pivot":{"x":-10.943120002746582,"y":0.8613299131393433,"z":0.045463792979717258},"rotation":{"x":0.07723308354616165,"y":-0.6789079904556274,"z":0.07216568291187287,"w":0.7265750169754028},"size":31.58725929260254,"orthographic":false}