{"cameraMode":{"drawMode":0,"name":"Shaded","section":"Shading Mode"},"sceneLighting":true,"audioPlay":false,"sceneViewState":{"showFog":true,"showMaterialUpdate":true,"showSkybox":true,"showFlares":true,"showImageEffects":true,"showParticleSystems":true},"in2DMode":false,"pivot":{"x":0.8908305168151856,"y":3.207000494003296,"z":-30.743995666503908},"rotation":{"x":0.07033005356788635,"y":-0.05743575841188431,"z":0.004055362660437822,"w":0.9958606362342835},"size":40.010372161865237,"orthographic":false}