{"cameraMode":{"drawMode":0,"name":"Shaded","section":"Shading Mode"},"sceneLighting":true,"audioPlay":false,"sceneViewState":{"showFog":true,"showMaterialUpdate":true,"showSkybox":true,"showFlares":true,"showImageEffects":true,"showParticleSystems":true},"in2DMode":false,"pivot":{"x":-0.8992676734924316,"y":2.2132718563079836,"z":-35.78300094604492},"rotation":{"x":0.22273369133472444,"y":-0.1244981437921524,"z":0.028690870851278306,"w":0.9664713144302368},"size":8.54360294342041,"orthographic":false}