{"cameraMode":{"drawMode":0,"name":"Shaded","section":"Shading Mode"},"sceneLighting":true,"audioPlay":false,"sceneViewState":{"showFog":true,"showMaterialUpdate":true,"showSkybox":true,"showFlares":true,"showImageEffects":true,"showParticleSystems":true},"in2DMode":false,"pivot":{"x":-1.1471128463745118,"y":0.18477392196655274,"z":-29.404565811157228},"rotation":{"x":0.013251838274300099,"y":0.9865763783454895,"z":-0.12347603589296341,"w":0.10604343563318253},"size":0.7514230608940125,"orthographic":false}