{"cameraMode":{"drawMode":0,"name":"Shaded","section":"Shading Mode"},"sceneLighting":true,"audioPlay":false,"sceneViewState":{"showFog":true,"showMaterialUpdate":true,"showSkybox":true,"showFlares":true,"showImageEffects":true,"showParticleSystems":true},"in2DMode":false,"pivot":{"x":-0.5755664706230164,"y":0.7376158237457275,"z":-26.062023162841798},"rotation":{"x":-0.00007071191066643223,"y":-0.9920698404312134,"z":0.12568672001361848,"w":-0.0005425161798484623},"size":7.36069393157959,"orthographic":false}