{"cameraMode":{"drawMode":0,"name":"Shaded","section":"Shading Mode"},"sceneLighting":true,"audioPlay":false,"sceneViewState":{"showFog":true,"showMaterialUpdate":true,"showSkybox":true,"showFlares":true,"showImageEffects":true,"showParticleSystems":true},"in2DMode":false,"pivot":{"x":0.8699997663497925,"y":5.5410871505737309,"z":-30.739999771118165},"rotation":{"x":0.22273369133472444,"y":-0.1244981437921524,"z":0.028690870851278306,"w":0.9664713144302368},"size":7.175348281860352,"orthographic":false}