{"cameraMode":{"drawMode":0,"name":"Shaded","section":"Shading Mode"},"sceneLighting":true,"audioPlay":false,"sceneViewState":{"showFog":true,"showMaterialUpdate":true,"showSkybox":true,"showFlares":true,"showImageEffects":true,"showParticleSystems":true},"in2DMode":false,"pivot":{"x":0.04979562759399414,"y":2.5595998764038088,"z":0.00777435302734375},"rotation":{"x":0.4302845299243927,"y":-0.017600616440176965,"z":0.008391624316573143,"w":0.9024826884269714},"size":30.969207763671876,"orthographic":false}